english,arabic,transliteration,unit,type,book
Greetings! (Islamic greeting),السَّلامُ عَلَيكُم,assalaamu ʿalaykum,1,phrase,alifbaa
"Hello, hi",أَهلاً,ahlan,1,phrase,alifbaa
"Hello, welcome",أَهلاً وَسَهلاً,ahlan wa sahlan,1,phrase,alifbaa
Hello (Levantine),مَرحَباً,marHaban,1,phrase,alifbaa
I,أَنا,ana,1,pronoun,alifbaa
my name,إسمي,ismii,1,noun,alifbaa
from,مِن,min,1,particle,alifbaa
the city of...,مَدينةَ,madiinat,1,noun,alifbaa
in,في,fii,1,particle,alifbaa
door,باب,baab,2,noun,alifbaa
name,إسم,ism,2,noun,alifbaa
what?,ما,maa,2,question,alifbaa
"(reply to ahlan wa sahlan, m.)",أَهلاً بِكَ,ahlan bika,2,phrase,alifbaa
"(reply to ahlan wa sahlan, f.)",أَهلاً بِكِ,ahlan biki,2,phrase,alifbaa
(reply to assalaamu ʿalaykum),وَعَليكُمُ السَّلام,wa ʿalaykumu s-salaam,2,phrase,alifbaa
"you, polite (m.)",حَضرَتُكَ,HaDratuka,2,pronoun,alifbaa
"you, polite (f.)",حَضرَتُكِ,HaDratuki,2,pronoun,alifbaa
Nice to meet you!,تَشَرَّفنا,tasharrafnaa,2,phrase,alifbaa
you (masc.),أَنتَ,anta,2,pronoun,alifbaa
you (fem.),أَنتِ,anti,2,pronoun,alifbaa
where?,أَينَ,ayna,2,question,alifbaa
from where?,مِن أَينَ,min ayna,2,question,alifbaa
yes,نَعَم,naʿam,2,particle,alifbaa
no,لا,laa,2,particle,alifbaa
and,وَ,wa,3,particle,alifbaa
"veil, head covering",حِجاب,Hijaab,3,noun,alifbaa
house,بَيْت,bayt,3,noun,alifbaa
street,شارِع,shaariʿ,3,noun,alifbaa
"homework, duty",واجِب,waajib,3,noun,alifbaa
news,أَخْبار,akhbaar,3,noun,alifbaa
book,كِتاب,kitaab,3,noun,alifbaa
my dear (m.),حَبيبي,Habiibii,3,noun,alifbaa
my dear (f.),حَبيبَتي,Habiibtii,3,noun,alifbaa
Good morning!,صَباحُ الخَيْر,SabaaH al-khayr,3,phrase,alifbaa
(reply) Good morning!,صَباحُ النّور,SabaaH an-nuur,3,phrase,alifbaa
hey... (addressing someone),يا,yaa,3,particle,alifbaa
how?,كَيْفَ,kayfa,3,question,alifbaa
How are you?,كَيْفَ الحال,kayfa al-Haal,3,phrase,alifbaa
(reply) praise be to God,الحَمدُ لله,al-Hamdu lillaah,3,phrase,alifbaa
"great, fine (m.)",جَيِّد,jayyid,3,adjective,alifbaa
"great, fine (f.)",جَيِّدة,jayyida,3,adjective,alifbaa
this (masc.),هٰذا,haadhaa,3,pronoun,alifbaa
this (fem.),هٰذِهِ,haadhihi,3,pronoun,alifbaa
"good, well (reply)",بِخَيْر,bi-khayr,3,phrase,alifbaa
am/is/are not,لَيْسَ,laysa,3,particle,alifbaa
"please, go ahead (m.)",تَفَضَّل,tafaDDal,4,verb,alifbaa
"please, go ahead (f.)",تَفَضَّلي,tafaDDalii,4,verb,alifbaa
"please, go ahead (pl.)",تَفَضَّلوا,tafaDDaluu,4,verb,alifbaa
"my friend, boyfriend",صاحِبي,SaaHibii,4,noun,alifbaa
"my friend, girlfriend",صاحِبَتي,SaaHibatii,4,noun,alifbaa
"he, it (m.)",هُوَ,huwa,4,pronoun,alifbaa
"she, it (f.)",هِيَ,hiya,4,pronoun,alifbaa
his name,إسمُهُ,ismuhu,4,noun,alifbaa
her name,إسمُها,ismuha,4,noun,alifbaa
student (m.),طالِب,Taalib,4,noun,alifbaa
student (f.),طالِبة,Taaliba,4,noun,alifbaa
"professor, teacher (m.)",أُستاذ,ustaadh,4,noun,alifbaa
"professor, teacher (f.)",أُستاذة,ustaadha,4,noun,alifbaa
the university of...,جامِعَةَ,jaamiʿat,4,noun,alifbaa
bread,خُبْز,khubz,4,noun,alifbaa
chicken,دَجاج,dajaaj,4,noun,alifbaa
neighbor (m.),جار,jaar,4,noun,alifbaa
neighbor (f.),جارة,jaara,4,noun,alifbaa
brother,أَخ,akh,4,noun,alifbaa
sister,أُخْت,ukht,4,noun,alifbaa
new (m.),جَديد,jadiid,4,adjective,alifbaa
new (f.),جَديدة,jadiida,4,adjective,alifbaa
Good evening!,مَساءُ الخَيْر,masaaʾ al-khayr,4,phrase,alifbaa
(reply) Good evening!,مَساءُ النّور,masaaʾ an-nuur,4,phrase,alifbaa
I have,عِندي,ʿindi,4,phrase,alifbaa
I don't have,لَيْسَ عِندي,laysa ʿindi,4,phrase,alifbaa
question,سُؤال,suʾaal,4,noun,alifbaa
I love,أُحِبّ,uHibb,4,verb,alifbaa
you (m.) love,تُحِبّ,tuHibb,4,verb,alifbaa
you (f.) love,تُحِبّين,tuHibbiin,4,verb,alifbaa
telephone number,رَقَم تِليفون,raqm tilifuun,4,noun,alifbaa
zero,صِفْر,Sifr,4,number,alifbaa
one,واحِد,waaHid,4,number,alifbaa
two,اثنَيْن,ithnayn,4,number,alifbaa
three,ثَلاثة,thalaatha,4,number,alifbaa
four,أَرْبَعة,arbaʿa,4,number,alifbaa
five,خَمْسة,khamsa,4,number,alifbaa
six,سِتَّة,sitta,4,number,alifbaa
seven,سَبْعة,sabʿa,4,number,alifbaa
eight,ثَمانِية,thamaaniya,4,number,alifbaa
nine,تِسْعة,tisʿa,4,number,alifbaa
ten,عَشَرة,ʿashara,4,number,alifbaa
bus,أوتوبيس,otobiis,5,noun,alifbaa
lesson,دَرْس,dars,5,noun,alifbaa
tea,شاي,shaay,5,noun,alifbaa
"young people, guys",شَباب,shabaab,5,noun,alifbaa
"good, kind-hearted (m.)",طَيِّب,Tayyib,5,adjective,alifbaa
"good, kind-hearted (f.)",طَيِّبة,Tayyiba,5,adjective,alifbaa
may I be excused? (m.),عَن إذنِكَ,ʿan idhnika,5,phrase,alifbaa
may I be excused? (f.),عَن إذنِكِ,ʿan idhniki,5,phrase,alifbaa
"class, classroom",فَصْل / صَفّ,faSl / Saff,5,noun,alifbaa
good-bye,مَعَ السَّلامة,maʿa s-salaama,5,phrase,alifbaa
(reply) good-bye,الله يِسَلِّمَك,allah yisallimak,5,phrase,alifbaa
right! correct!,صَحيح,SaHiiH,5,adjective,alifbaa
white,أَبْيَض,abyaD,5,adjective,alifbaa
black,أَسْوَد,aswad,5,adjective,alifbaa
green,أَخْضَر,akhDar,5,adjective,alifbaa
thank you,شُكْراً,shukran,5,phrase,alifbaa
you're welcome,عَفواً,ʿafwan,5,phrase,alifbaa
please,مِن فَضلِكَ,min faDlika,5,phrase,alifbaa
sorry! (m.),آسِف,aasif,5,adjective,alifbaa
sorry! (f.),آسِفة,aasifa,5,adjective,alifbaa
there is,هُناك,hunaak,5,particle,alifbaa
there isn't,لَيْسَ هُناك,laysa hunaak,5,particle,alifbaa
"that's all, only",فَقَط,faqaT,5,particle,alifbaa
something,شَيْء,shayʾ,5,noun,alifbaa
something else,شَيْء آخَر,shayʾ aakhar,5,noun,alifbaa
I want,أُريد,uriid,5,verb,alifbaa
you want (m.),تُريد,turiid,5,verb,alifbaa
you want (f.),تُريدين,turiidiin,5,verb,alifbaa
he wants,يُريد,yuriid,5,verb,alifbaa
she wants,تُريد,turiid,5,verb,alifbaa
ready (m.),جاهِز,jaahiz,6,adjective,alifbaa
ready (f.),جاهِزة,jaahiza,6,adjective,alifbaa
coffee,قَهْوة,qahwa,6,noun,alifbaa
milk,حَليب,Haliib,6,noun,alifbaa
sugar,سُكَّر,sukkar,6,noun,alifbaa
medium sugar,سُكَّر وَسَط,sukkar wasaT,6,noun,alifbaa
juice,عَصير,ʿaSiir,6,noun,alifbaa
water,ماء,maaʾ,6,noun,alifbaa
let's go!,هَيّا بِنا,hayyaa binaa,6,phrase,alifbaa
I go,أَذْهَب,adhhab,6,verb,alifbaa
you (m.) go,تَذْهَب,tadhhab,6,verb,alifbaa
you (f.) go,تَذْهَبين,tadhhabiin,6,verb,alifbaa
he goes,يَذْهَب,yadhhab,6,verb,alifbaa
she goes,تَذْهَب,tadhhab,6,verb,alifbaa
I drink,أَشْرَب,ashrab,6,verb,alifbaa
you (m.) drink,تَشْرَب,tashrab,6,verb,alifbaa
you (f.) drink,تَشْرَبين,tashrabiin,6,verb,alifbaa
he drinks,يَشْرَب,yashrab,6,verb,alifbaa
she drinks,تَشْرَب,tashrab,6,verb,alifbaa
"car, automobile",سَيّارة,sayyaara,6,noun,alifbaa
"watch, clock, hour",ساعة,saaʿa,6,noun,alifbaa
tree,شَجَرة,shajara,6,noun,alifbaa
strange (m.),غَريب,ghariib,6,adjective,alifbaa
strange (f.),غَريبة,ghariiba,6,adjective,alifbaa
"small, young (m.)",صَغير,Saghiir,6,adjective,alifbaa
"small, young (f.)",صَغيرة,Saghiira,6,adjective,alifbaa
"large, old-people (m.)",كَبير,kabiir,6,adjective,alifbaa
"large, old-people (f.)",كَبيرة,kabiira,6,adjective,alifbaa
easy (m.),سَهْل,sahl,6,adjective,alifbaa
easy (f.),سَهْلة,sahla,6,adjective,alifbaa
"difficult, hard (m.)",صَعْب,Saʿb,6,adjective,alifbaa
"difficult, hard (f.)",صَعْبة,Saʿba,6,adjective,alifbaa
"wide, spacious (m.)",واسِع,waasiʿ,6,adjective,alifbaa
"wide, spacious (f.)",واسِعة,waasiʿa,6,adjective,alifbaa
page,صَفْحة,Safha,7,noun,alifbaa
piece of paper,وَرَقة,waraqa,7,noun,alifbaa
room,غُرْفة,ghurfa,7,noun,alifbaa
window,شُبّاك,shubbaak,7,noun,alifbaa
chair,كُرْسي,kursii,7,noun,alifbaa
table,طاوِلة,Taawila,7,noun,alifbaa
dog,كَلْب,kalb,7,noun,alifbaa
cat,قِطّة,qiTTa,7,noun,alifbaa
money,مال,maal,7,noun,alifbaa
"must, have to",لازِم,laazim,7,particle,alifbaa
"possible, can",مُمكِن,mumkin,7,particle,alifbaa
nothing,لا شَيْء,laa shayʾ,7,noun,alifbaa
or,أَو,aw,7,particle,alifbaa
"I see, watch",أُشاهِد,ushaahid,7,verb,alifbaa
you (m.) see,تُشاهِد,tushaahid,7,verb,alifbaa
you (f.) see,تُشاهِدين,tushaahidiin,7,verb,alifbaa
he sees,يُشاهِد,yushaahid,7,verb,alifbaa
she sees,تُشاهِد,tushaahid,7,verb,alifbaa
movie,فيلم,film,7,noun,alifbaa
"cinema, movies",السّينَما,as-sinamaa,7,noun,alifbaa
"means, that is",يَعْني,yaʿnii,8,phrase,alifbaa
building,بِناية,binaaya,8,noun,alifbaa
"office, desk",مَكْتَب,maktab,8,noun,alifbaa
"library, bookstore",مَكْتَبة,maktaba,8,noun,alifbaa
word,كَلِمة,kalima,8,noun,alifbaa
sentence,جُمْلة,jumla,8,noun,alifbaa
"test, examination",إمْتِحان,imtiHaan,8,noun,alifbaa
pen or pencil,قَلَم,qalam,8,noun,alifbaa
"drill, exercise",تَمْرين,tamriin,8,noun,alifbaa
"bathroom, toilet",الحَمّام,al-Hammaam,8,noun,alifbaa
"close to, near (m.)",قَريب مِن,qariib min,8,adjective,alifbaa
"close to, near (f.)",قَريبة مِن,qariiba min,8,adjective,alifbaa
far from (m.),بَعيد عَن,baʿiid ʿan,8,adjective,alifbaa
far from (f.),بَعيدة عَن,baʿiida ʿan,8,adjective,alifbaa
tired (m.),تَعْبان,taʿbaan,8,adjective,alifbaa
tired (f.),تَعْبانة,taʿbaana,8,adjective,alifbaa
cold (m.),بَرْدان,bardaan,8,adjective,alifbaa
cold (f.),بَرْدانة,bardaana,8,adjective,alifbaa
hot (m.),حَرّان,Harraan,8,adjective,alifbaa
hot (f.),حَرّانة,Harraana,8,adjective,alifbaa
thirsty (m.),عَطْشان,ʿaTshaan,8,adjective,alifbaa
thirsty (f.),عَطْشانة,ʿaTshaana,8,adjective,alifbaa
hungry (m.),جَوْعان,jawʿaan,8,adjective,alifbaa
hungry (f.),جَوْعانة,jawʿaana,8,adjective,alifbaa
"upset, angry/sad (m.)",زَعْلان,zaʿlaan,8,adjective,alifbaa
"upset, angry/sad (f.)",زَعْلانة,zaʿlaana,8,adjective,alifbaa
exhausted (m.),خَلْصان,khalSaan,8,adjective,alifbaa
exhausted (f.),خَلْصانة,khalSaana,8,adjective,alifbaa
happy (m.),سَعيد,saʿiid,8,adjective,alifbaa
happy (f.),سَعيدة,saʿiida,8,adjective,alifbaa
sick (m.),مَريض,mariiD,8,adjective,alifbaa
sick (f.),مَريضة,mariiDa,8,adjective,alifbaa
a little,قَليلاً,qaliilan,8,particle,alifbaa
what's wrong (m.)?,ما بِكَ؟,maa bika?,8,phrase,alifbaa
what's wrong (f.)?,ما بِكِ؟,maa biki?,8,phrase,alifbaa
feel better!,سَلامَتِك,salaamtik,8,phrase,alifbaa
(reply),الله يِسَلِّمِك,allah yisallimik,8,phrase,alifbaa
man,رَجُل,rajul,9,noun,alifbaa
woman,اِمْرَأة,imraʾa,9,noun,alifbaa
girl,بِنْت,bint,9,noun,alifbaa
boy,وَلَد,walad,9,noun,alifbaa
story,قِصّة,qiSSa,9,noun,alifbaa
short (m.),قَصير,qaSiir,9,adjective,alifbaa
short (f.),قَصيرة,qaSiira,9,adjective,alifbaa
"tall, long (m.)",طَويل,Tawiil,9,adjective,alifbaa
"tall, long (f.)",طَويلة,Tawiila,9,adjective,alifbaa
beautiful (m.),جَميل,jamiil,9,adjective,alifbaa
beautiful (f.),جَميلة,jamiila,9,adjective,alifbaa
"nice, pleasant (m.)",لَطيف,laTiif,9,adjective,alifbaa
"nice, pleasant (f.)",لَطيفة,laTiifa,9,adjective,alifbaa
never mind! sorry!,مَعلِش,maʿlish,9,phrase,alifbaa
problem,مُشْكِلة,mushkila,9,noun,alifbaa
"wrong, a mistake",غَلَط,ghalaT,9,noun,alifbaa
"sir, madam (Egyptian)",أَفَنْدِم,afandim,9,noun,alifbaa
literature,الأَدَب,al-adab,1,noun,alkitaab
United Nations,الأُمَم المُتَّحِدة,al-umam al-muttaHida,1,noun,alkitaab
I study,أَدرُس,adrus,1,verb,alkitaab
"I live, reside",أَسكُن,askun,1,verb,alkitaab
she works,تَعمَل,taʿmal,1,verb,alkitaab
he works,يَعمَل,yaʿmal,1,verb,alkitaab
Egyptian (m./f.),مِصريّ / ة,miSriyy / miSriyya,1,adjective,alkitaab
"area, region",مِنطَقة,minTaqa,1,noun,alkitaab
the same...,نَفس الـ,nafs al-,1,particle,alkitaab
father,والِد,waalid,1,noun,alkitaab
my father,والِدي,waalidii,1,noun,alkitaab
mother,والِدة,waalida,1,noun,alkitaab
my mother,والِدَتي,waalidatii,1,noun,alkitaab
family,أُسرة,usra,2,noun,alkitaab
also,أيضاً,ayDan,2,particle,alkitaab
translation (from... to),التَرجَمة (مِن...إلى),at-tarjama (min... ilaa),2,noun,alkitaab
translator,مُتَرجِم / ة,mutarjim / a,2,noun,alkitaab
where (not in questions),حَيثُ,Haythu,2,particle,alkitaab
"specializing in, specialist in",مُتَخَصِّص / ة في,mutakhaSSiS / a fii,2,adjective,alkitaab
maternal aunt,خالة,khaala,2,noun,alkitaab
always,دائماً,daa'iman,2,particle,alkitaab
her name,اسمها,ismuha,2,noun,alkitaab
work,الشُغل (= العَمَل),ash-shughl,2,noun,alkitaab
busy (with),مَشغول / ة (بـ),mashghuul / a (bi),2,adjective,alkitaab
work,العَمَل (= الشُغل),al-ʿamal,2,noun,alkitaab
"really!, truly",فِعلاً,fiʿlan,2,particle,alkitaab
admission(s),القَبول,al-qubuul,2,noun,alkitaab
belonging to (preposition),لِ,li,2,particle,alkitaab
I have,لي,lii,2,phrase,alkitaab
Maha has,لها,laha,2,phrase,alkitaab
language,لُغة,lugha,2,noun,alkitaab
evening,المَساء,al-masaa',2,noun,alkitaab
daytime,النَهار,an-nahaar,2,noun,alkitaab
only; lonely (adj.),وَحيد / ة,waHiid / a,2,adjective,alkitaab
employee,مُوَظَّف / ة,muwaZZaf / a,2,noun,alkitaab
his family,أسرتُهُ,usratuhu,3,noun,alkitaab
now,الآن,al-aan,3,particle,alkitaab
son (pl. أبناء),ابن,ibn,3,noun,alkitaab
"cousin, male, paternal (pl. أبناء عَمّ)",ابن عَمّ,ibn ʿamm,3,noun,alkitaab
army (pl. جُيوش),جَيش,jaysh,3,noun,alkitaab
"actually, in reality",في الحَقيقة,fi l-Haqiiqa,3,phrase,alkitaab
he teaches,يُدَرِّس,yudarris,3,verb,alkitaab
letter (pl. رَسائِل),رِسالة,risaala,3,noun,alkitaab
husband (pl. أزواج),زَوج,zawj,3,noun,alkitaab
her husband,زَوجُها,zawjuha,3,noun,alkitaab
wife (pl. زَوجات),زَوجة,zawja,3,noun,alkitaab
picture (pl. صُوَر),صورة,Suura,3,noun,alkitaab
officer (pl. ضُبّاط),ضابِط,DaabiT,3,noun,alkitaab
I know,أعرِف,aʿrif,3,verb,alkitaab
science (pl. عُلوم),عِلم,ʿilm,3,noun,alkitaab
political science,العُلوم السِّياسِيّة,al-ʿuluum as-siyaasiyya,3,noun,alkitaab
paternal uncle (pl. أعمام),عَمّ,ʿamm,3,noun,alkitaab
my (paternal) uncle,عَمّي,ʿammii,3,noun,alkitaab
extended family (pl. عائِلات),عائِلة,ʿaa'ila,3,noun,alkitaab
relative (pl. أقارِب),قَريب,qariib,3,noun,alkitaab
"college, school in a university (pl. كُلِّيّات)",كُلِّيّة,kulliyya,3,noun,alkitaab
first,أوَّل,awwal,4,number,alkitaab
"primary, elementary",ابتِدائيّ,ibtidaa'iyy,4,adjective,alkitaab
I memorize,أحفَظ,aHfaZ,4,verb,alkitaab
school (pl. مَدارِس),مَدرَسة,madrasa,4,noun,alkitaab
I remember,أتَذَكَّر,atadhakkar,4,verb,alkitaab
fourth,رابِع,raabiʿ,4,number,alkitaab
"classmate, colleague, m. (pl. زُمَلاء)",زَميل,zamiil,4,noun,alkitaab
"classmate, colleague, f. (pl. زَميلات)",زَميلة,zamiila,4,noun,alkitaab
traveling (noun),السَّفَر (إلى),as-safar (ilaa),4,noun,alkitaab
she travels,تُسافِر (إلى),tusaafir (ilaa),4,verb,alkitaab
"friend, f. (pl. صَديقات)",صَديقة,Sadiiqa,4,noun,alkitaab
"friend, m. (pl. أصدِقاء)",صَديق,Sadiiq,4,noun,alkitaab
childhood,الطُّفولة,aT-Tufuula,4,noun,alkitaab
"individual, person (pl. أفراد)",فَرد,fard,4,noun,alkitaab
before,قَبلَ,qabla,4,particle,alkitaab
"all, every",كُلّ,kull,4,particle,alkitaab
he was,كانَ,kaana,4,verb,alkitaab
I was,كُنتُ,kuntu,4,verb,alkitaab
of ... descent,مِن أصل,min aSl,5,phrase,alkitaab
cold (adj.),بارِد,baarid,5,adjective,alkitaab
very,جِدّاً,jiddan,5,particle,alkitaab
weather,الجَوّ (= الطَّقس),al-jaww,5,noun,alkitaab
"I like, love",أُحِبّ,uHibb,5,verb,alkitaab
hot (adj.),حارّ,Haarr,5,adjective,alkitaab
the best...,أحسَن,aHsan,5,adjective,alkitaab
sometimes,أحياناً,aHyaanan,5,particle,alkitaab
autumn,الخَريف,al-khariif,5,noun,alkitaab
degree,دَرَجة,daraja,5,noun,alkitaab
temperature,دَرَجة الحَرارة,darajat al-Haraara,5,noun,alkitaab
spring (season),الرَّبيع,ar-rabiiʿ,5,noun,alkitaab
humidity,الرُّطوبة,ar-ruTuuba,5,noun,alkitaab
"crowding, overcrowdedness",الازدِحام,al-izdiHaam,5,noun,alkitaab
"on account of, because of",بِسَبَب,bisabab,5,particle,alkitaab
winter,الشِّتاء,ash-shitaa',5,noun,alkitaab
"I feel, have feelings of",أشعُر بـ,ashʿur bi,5,verb,alkitaab
summer,الصَّيف,aS-Sayf,5,noun,alkitaab
weather,الطَّقس (= الجَوّ),aT-Taqs,5,noun,alkitaab
high (fem.),عالِية,ʿaaliya,5,adjective,alkitaab
season (pl. فُصول),فَصل,faSl,5,noun,alkitaab
semester,فَصل دِراسيّ,faSl diraasiyy,5,noun,alkitaab
only,فَقَط,faqaT,5,particle,alkitaab
"a lot, much (adv.)",كَثيراً,kathiiran,5,particle,alkitaab
as far as ... is concerned,بِالنِّسبة لِ,bi-n-nisbati li,5,phrase,alkitaab
loneliness,الوِحدة,al-waHda,5,noun,alkitaab
